Title,MOD Dwarf - Main Board
Revision,0.2
Date,2019-12-18
Generated,Fri 18 Sep 2020 12:33:26 PM CEST
Company,MOD Devices GmbH
Comment 1,Dwarf Audio processing board
Comment 2,https://github.com/moddevices/hw-mod-dwarf
Comment 3,Inp Power: 12V 500mA
Comment 4,USB outp Power: 500mA
Total Parts,291
Total Unique Parts,78



Ref,Qty,Value,Footprint,MPN,
C1 C2 C33 C34 C63 C64 C65 C66 C88 C89 ,10,10uF,Capacitor_SMD:CP_Elec_4x5.7,,EEE-HB1C100R
C3 C32 ,2,470uF,Capacitor_SMD:CP_Elec_8x10.5,,UWT1C471MNL1GS
C4 C92 C93 ,3,1nF,Capacitor_SMD:C_0603_1608Metric,,C1608X7R1E104K080AA
C5 C6 C7 C9 C10 C11 C12 C13 C14 C17 C19 C21 C22 C23 C31 C35 C36 C38 C39 C43 C48 C50 C51 C52 C53 C54 C59 C60 C62 C68 C73 C75 C77 C79 C81 C82 C85 C86 C87 ,39,100nF,Capacitor_SMD:C_0603_1608Metric,,GCM188R71C104KA37D
C8 C25 C30 C49 C58 C76 C78 C80 ,8,10uF,Capacitor_SMD:C_0805_2012Metric,,GRM219R61E106KA12D
C15 C16 ,2,2.2nF,Capacitor_SMD:C_0603_1608Metric,,GRM1885C1H222JA01D
C18 C42 C57 C72 C74 C83 C84 ,7,47uF,Capacitor_SMD:CP_Elec_5x5.4,,EDK476M016A9DAA
C20 C37 C41 C45 C67 C69 ,6,10uF,Capacitor_SMD:C_0603_1608Metric,,CL10A106MQ8NNNC
C24 C26 C27 ,3,1uF,Capacitor_SMD:C_0603_1608Metric,,FCA1210C105M-G2
C28 C29 C40 C44 C46 C47 C55 C56 C90 C91 ,10,100pF,Capacitor_SMD:C_0603_1608Metric,,C0603C101J3GACTU
C61 ,1,10uF,Capacitor_SMD:CP_Elec_5x5.3,,UWX1E100MCL1GB
C70 C71 ,2,100uF,Capacitor_SMD:CP_Elec_6.3x7.7,,UWX1C101MCL1GB
D1 D2 ,2,MBR230,Diode_SMD:D_SOD-123F,,MBR230LSFT1G
D3 D4 D10 D11 D12 D17 D18 D19 D20 D21 D22 ,11,BAT54S,Package_TO_SOT_SMD:SOT-23,,BAT54SFILM
D5 D6 D8 D9 ,4,1N4148,Diode_SMD:D_SOD-323,,1N4148WS
D7 ,1,TSSA3U45 R3G,Diode_SMD:D_MELF,,	TSSA3U45 R3G
D13 D14 ,2,PRTR5V0U2X,Package_TO_SOT_SMD:SOT-143,,PRTR5V0U2X 215
D15 D16 ,2,1N4148,Diode_SMD:D_SOD-523,,1N4148X-TP
F1 ,1,FUSE,Fuse:Fuse_2920_7451Metric,,0ZCF0200FF2C
FB1 FB10 FB12 FB13 FB14 FB15 ,6,Ferrite_Bead,Resistor_SMD:R_0603_1608Metric,,BLM18HD102SH1D
FID1 FID2 FID3 ,3,FIDUCIAL,Uno:fiducial_in-circuit,, 
H1 H2 H3 H4 ,4,HOLE,Uno:Hole_3.5mm,, 
H5 H6 H7 ,3,MountingHole_Pad,MountingHole:MountingHole_3.2mm_M3_DIN965_Pad,, 
J1 ,1,AS0A823-H4SB-7H,Uno:TE_2309407-1,,AS0A823-H4SB-7H
JP1 ,1,Jumper,Jumper:SolderJumper-2_P1.3mm_Bridged2Bar_RoundedPad1.0x1.5mm,, 
L2 ,1,47UH 2A 135 MOHM,Uno:SRN8040TA,,SRN8040TA-470M
P1 ,1,USB_B,Connector_USB:USB_B_OST_USB-B1HSxx_Horizontal,,61729-1011BLF
P2 ,1,USB_A,Uno:USB_A_Vertical,,73725-0110BLF
P3 ,1,BARREL_JACK,Connector_BarrelJack:BarrelJack_Horizontal,,PJ-002AH
P5 ,1,HMI_DATA,Uno:Pin_Header_Straight_2x10_Shrouded,,SBH11-PBPC-D10-ST-BK
P6 P7 P14 ,3,AudioJack3,Connector_Audio:Jack_3.5mm_CUI_SJ-3523-SMT_Horizontal,,SJ-3523-SMT-TR
P8 ,1,SERIAL_DEBUG,Connector_PinHeader_2.54mm:PinHeader_1x03_P2.54mm_Vertical,,DO NOT PLACE
P9 P10 P11 P12 ,4,JACK_TRS_6PINS,Connector_Audio:Jack_3.5mm_Neutrik_NMJ6HCD2_Horizontal,,NYS215
P13 ,1,RJ45,digikey-footprints:Ethernet_Jack_54602-908LF,,54602-908LF
Q1 Q2 Q7 Q8 Q12 Q13 ,6,2N7002,Package_TO_SOT_SMD:SOT-23,,2N7002P 215
Q3 Q4 Q5 Q6 Q9 Q10 ,6,J110,Package_TO_SOT_SMD:SOT-23,,PMBFJ110 215
R1 R2 R11 R68 R69 ,5,2k7,Resistor_SMD:R_0603_1608Metric,,CRGCQ0603F2K7
R3 R4 R5 R6 R7 R94 R95 ,7,22R,Resistor_SMD:R_0603_1608Metric,,RMCF0603JT22R0
R8 R101 ,2,100,Resistor_SMD:R_0603_1608Metric,,RR0816P-103-D
R9 R10 ,2,22R,Resistor_SMD:R_0603_1608Metric,,RMCF0603JT100R
R12 R13 R55 R56 R63 ,5,100R,Resistor_SMD:R_0603_1608Metric,,RMCF0603JT100R
R14 R15 R88 R89 ,4,100K,Resistor_SMD:R_0603_1608Metric,,CR0603-JW-104ELF
R16 R23 R24 R27 R28 R29 R31 R40 R44 R48 ,10,1M 1%,Resistor_SMD:R_0603_1608Metric,,RT0603BRD071ML
R17 R18 ,2,47R 1%,Resistor_SMD:R_0603_1608Metric,,RT0603DRE0747RL
R19 R21 R64 R66 R73 R74 R75 R76 R77 R78 R79 R80 R81 R82 R83 R84 R85 R98 ,18,10K,Resistor_SMD:R_0603_1608Metric,,RR0816P-103-D
R20 R22 R65 R67 ,4,2K7,Resistor_SMD:R_0603_1608Metric,,CRGCQ0603F2K7
R25 R26 R53 R54 ,4,100K,Resistor_SMD:R_0603_1608Metric,,RMCF0603JT100K
R30 ,1,10R,Resistor_SMD:R_0603_1608Metric,,CRGCQ0603J10R
R32 R33 ,2,5K6 1%,Resistor_SMD:R_0603_1608Metric,,CRGCQ0603F5K6
R34 R35 ,2,22K 1%,Resistor_SMD:R_0603_1608Metric,,RC0603FR-0722KL
R36 R37 R38 R39 ,4,4K7 1%,Resistor_SMD:R_0603_1608Metric,,RC0603FR-074K7L
R41 R45 ,2,100R 1%,Resistor_SMD:R_0603_1608Metric,,RR0816P-101-D
R42 ,1,10K,Resistor_SMD:R_0603_1608Metric,,RR0816P-103-D
R43 ,1,15K,Resistor_SMD:R_0603_1608Metric,,RMCF0603JT10K0
R46 R51 R52 R57 R58 ,5,10k,Resistor_SMD:R_0603_1608Metric,,RMCF0603JT10K0
R47 R49 R50 ,3,220R,Resistor_SMD:R_0603_1608Metric,,RL73N1JR22JTD
R59 R60 R61 R62 ,4,56R,Resistor_SMD:R_0603_1608Metric,,ERJ-P6WJ560V
R70 R71 R99 R100 ,4,1k,Resistor_SMD:R_0603_1608Metric,,RC0603JR-071KL
R86 R87 R102 R105 R106 R107 R108 R109 ,8,150R,Resistor_SMD:R_0603_1608Metric,,RC0603FR-07150RL
R90 R91 ,2,1M ,Resistor_SMD:R_0603_1608Metric,,RT0603BRD071ML
R92 R93 ,2,56K,Resistor_SMD:R_0603_1608Metric,,RMCF0603FT56K0
R96 R97 ,2,75K 1%,Resistor_SMD:R_0603_1608Metric,,RR0816P-753-D
R103 R104 ,2,6R8,Resistor_SMD:R_0603_1608Metric,,RR0816P-753-D
TP1 TP1 TP1 TP2 ,4,TestPoint,TestPoint:TestPoint_Pad_D1.5mm,, 
TP3 TP4 TP5 TP6 ,4,TestPoint,TestPoint:TestPoint_Pad_D1.0mm,, 
TP7 TP8 ,2,TestPoint,TestPoint:TestPoint_Pad_D2.0mm,, 
U1 ,1,TS2596,Package_TO_SOT_SMD:TO-263-5_TabPin3,,TS2596CM550 RNG
U2 ,1,TL750M10CKVURG3,Package_TO_SOT_SMD:SOT-223-3_TabPin2,,TL750M10CKVURG3
U3 ,1,CS4265,Package_DFN_QFN:QFN-32-1EP_5x5mm_P0.5mm_EP3.1x3.1mm,,CS4265-CNZ
U4 ,1,AT24CS08-STUM,Package_TO_SOT_SMD:SOT-23-5,,AT24CS08-STUM
U5 ,1,LM4562,Package_SO:SOIC-8_3.9x4.9mm_P1.27mm,,LM4562MAX/NOPB
U6 U7 ,2,TL082,Package_SO:SOIC-8_3.9x4.9mm_P1.27mm,,TL082CDR
U8 ,1,LM4811,Package_SO:TSSOP-10_3x3mm_P0.5mm,,LM4811MM/NOPB
U9 ,1,LD1117S50TR_SOT223,Package_TO_SOT_SMD:SOT-223-3_TabPin2,,LD1117S50TR
U10 ,1,RT9742MNGJ5,Package_TO_SOT_SMD:SOT-23-5,,RT9742MNGJ5
U11 ,1,6N137S,Package_DIP:DIP-8_W7.62mm_SMDSocket_SmallPads,,6N137S
U12 ,1,ISL83491,Package_SO:SOIC-14_3.9x8.7mm_P1.27mm,,ISL83491IBZ
U13 ,1,AP2120N-3.3,Package_TO_SOT_SMD:SOT-23,,AP2120N-3.3TRG1




Property of MOD Devices (https://www.moddevices.com)
Generated Fri 18 Sep 2020 12:33:26 PM CEST
